Review_ID,Rating,Label,Review_Text,Severity
R0001,5,Positive,Cost effective within budget. Highly professional treatment and service given by the doctor.,Medium
R0002,5,Positive,Caring is awesome and treatment is excellent. And mainly fees were low comparing to other clinics.,Medium
R0003,4,Positive,Good treatment experience. Recommended.,Medium
R0004,5,Positive,Excellent doctor and very affordable treatment.,Medium
R0005,5,Positive,Good clinic. Doctor is very kind and professional.,Medium
R0006,5,Positive,Best treatment and good advice with nominal charges. She is so patient in listening to our problems.,Medium
R0007,5,Positive,She is very patient and listened to all my complaints. Got to know some proper dental care from the doc.,Medium
R0008,5,Positive,The facilities were good and the dentist answered all the questions patiently. Highly Recommended!,Medium
R0009,5,Positive,Very professional. Most recommended. Thank you Dr. Geetha for the best treatment.,Medium
R0010,2,Pricing,Was not informed about the cost breakdown. Final bill had items I was not expecting.,High
R0011,3,Waiting Time,Doctor is excellent but time management inside the clinic needs serious improvement.,Medium
R0012,2,Staff,Staff were unfriendly and dismissive during check in process. Very unwelcoming.,High
R0013,2,Communication,No update about delay. Waited 90 minutes without any information from reception.,High
R0014,2,Pricing,Higher fees than expected with no clear breakdown provided in the bill.,High
R0015,2,Treatment,Treatment was rushed. Doctor seemed in a hurry and quality of work suffered as a result.,Critical
R0016,5,Positive,I went there for a filling and the doctor explained everything so well. Fees was cheap too.,Medium
R0017,2,Pricing,Expensive for a small clinic. Similar treatments available at much lower cost nearby.,High
R0018,5,Positive,Dr. Geetha is very well informed and very patient. She was explaining the process in every detail so that you are aware of what is happening inside your mouth. Definitely will recommend her to anyone who is in need of a helpful dentist.,Medium
R0019,3,Neutral,Okay experience overall. Doctor was professional and brief during consultation.,Low
R0020,2,Pricing,Treatment cost breakdown not shared. Felt charged arbitrarily for some procedures.,High
R0021,4,Positive,Good clinic. Doctor listened carefully before recommending any treatment.,Medium
R0022,3,Communication,Communication during visit is fine but after visit there is zero follow up from clinic.,Medium
R0023,2,Communication,No written prescription or treatment summary given after the procedure.,High
R0024,5,Positive,"Excellent, humble, subject matter expert. Certainly a doctor who cares the most about the patient. A place to go for your dental solution.",Medium
R0025,4,Staff,Dental assistant was extremely gentle during the procedure. Very professional approach.,Medium
R0026,2,Pricing,Fees are too high for this locality. Difficult to afford for regular dental checkups.,High
R0027,5,Positive,Good service. Friendly doctor. Worth for money and teeth care.,Medium
R0028,2,Waiting Time,Appointment was at 11am. Was seen at 12:30pm. No apology or explanation given.,High
R0029,3,Neutral,Basic consultation done. Doctor was professional. Clinic is clean.,Low
R0030,4,Positive,Good treatment and caring staff.,Medium
R0031,5,Positive,Great experience. Doctor explained everything clearly.,Medium
R0032,5,Positive,Had a great and smooth experience. I visited the clinic for dental filling. I have sensitive teeth hence I always get worried before visiting a dentist. But Dr. Geetha was patient and polite throughout the process and I didn't experience any pain.,Medium
R0033,5,Positive,Excellent experience. Doctor is very thorough.,Medium
R0034,4,Positive,Good experience overall. Friendly doctor.,Medium
R0035,5,Positive,Very professional and skilled dentist. Great experience.,Medium
R0036,4,Positive,Good clinic with quality treatment.,Medium
R0037,5,Positive,Kind doctor and excellent dental care provided.,Medium
R0038,4,Positive,Decent clinic with professional treatment.,Medium
R0039,5,Positive,Very satisfied with treatment. Will recommend.,Medium
R0040,4,Positive,Good clinic overall. Professional approach.,Medium
R0041,5,Positive,Excellent dental care. Highly recommend Dr. Geetha.,Medium
R0042,5,Positive,Best dental clinic. Very professional service.,Medium
R0043,4,Positive,Good treatment. Would visit again.,Medium
R0044,5,Positive,Very professional and thorough treatment. Recommended.,Medium
R0045,2,Pricing,Cost of treatment is too high for people on a limited income. No concession given.,High
R0046,5,Positive,Excellent doctor. Best dental clinic in Trichy.,Medium
R0047,3,Waiting Time,Treatment was satisfactory but waiting time could be improved at this clinic.,Medium
R0048,1,Treatment,Filling procedure was painful throughout despite assurance it would be pain free.,Critical
R0049,2,Communication,No follow up call after my surgery. Had complications and did not know who to contact.,High
R0050,4,Communication,Appreciated the follow up call checking on my recovery after root canal procedure.,Medium
R0051,1,Treatment,Gum treatment outcome was poor. Condition did not improve and had to seek second opinion.,Critical
R0052,4,Staff,Staff were very helpful and made the whole dental experience very comfortable.,Medium
R0053,5,Positive,"Very professional, humble person, doing great work, nice human being. She is not a money minded person. All should visit this clinic.",Medium
R0054,2,Waiting Time,Three patients were attended before me even though I had an earlier appointment slot.,High
R0055,5,Treatment,Implant procedure was excellent. Doctor monitored progress at every stage carefully.,Medium
R0056,3,Neutral,Average experience overall. Came for cleaning and it was completed properly.,Low
R0057,5,Positive,Friendly doctor. Painless procedure. Low cost high class treatment.,Medium
R0058,2,Waiting Time,Took half day off from work and still waited over an hour. Very frustrating experience.,High
R0059,5,Positive,It was a pleasant experience for me. The ambience and even the staff are so accommodative. Doctor was so friendly and handling patiently.,Medium
R0060,5,Positive,Dr. Geetha is truly one of the best dentists in Trichy. Very highly recommended.,Medium
R0061,1,Treatment,Tooth pain persisted after filling for more than two months. Treatment was ineffective.,Critical
R0062,1,Treatment,Crown fell off after two weeks. Very poor workmanship. Will not return.,Critical
R0063,2,Staff,Staff attitude during peak hours is noticeably worse. Becomes dismissive and rushed.,High
R0064,2,Communication,Appointment was confirmed but doctor was unavailable. No one informed me beforehand.,High
R0065,5,Positive,"I went there for root canal treatment. Doctor was kind, clearly explained the process, cost effective and highly recommendable.",Medium
R0066,4,Communication,Very clear explanation of what to expect during and after each stage of treatment.,Medium
R0067,2,Waiting Time,Waited 75 minutes for a 15 minute cleaning appointment. Please respect patients' time.,High
R0068,5,Positive,Pleasant environment. Doctor was so friendly.,Medium
R0069,2,Communication,Instructions after extraction were not explained clearly. Had to call back multiple times.,High
R0070,2,Staff,Reception staff did not know basic details about treatment options. Needs better training.,High
R0071,5,Positive,This is a great place to go to take care of your teeth. Dr. Geetha was very professional examining and providing solutions by priority. I felt that I was in good hands. Would highly recommend to anyone!,Medium
R0072,1,Treatment,Tooth that was treated here developed abscess three weeks later. Very poor outcome.,Critical
R0073,2,Pricing,Clinic should provide a price list upfront. I only found out the cost after treatment.,High
R0074,1,Treatment,Tooth pain increased after the treatment. Had to visit another dentist who said the procedure was incomplete.,Critical
R0075,2,Treatment,Post procedure recovery was longer than informed. Need better patient guidance.,Critical
R0076,2,Pricing,Cost of braces treatment is very high here compared to standard market rates.,High
R0077,5,Positive,Clinic has a very good ambience. Dr. Geetha is very patient in handling cases especially children. She is a good practitioner. Also the treatment is cost-effective. I would highly recommend her for any dental treatment.,Medium
R0078,3,Communication,Please improve the appointment confirmation process. System is not reliable currently.,Medium
R0079,2,Staff,Staff were chatting among themselves while patients waited to be attended to.,High
R0080,2,Pricing,Total cost was higher than the estimate given. Should be more transparent on pricing.,High
R0081,2,Staff,Receptionist was dismissive when I asked about treatment cost before starting. Very unprofessional.,High
R0082,5,Positive,Very professional and knowledgeable dentist around.,Medium
R0083,3,Neutral,Fine experience overall. Nothing special but service was adequate.,Low
R0084,2,Staff,Staff did not greet or acknowledge me when I arrived for my scheduled appointment.,High
R0085,2,Staff,Reception staff were on their phone when I came to check in. Very unprofessional behavior.,High
R0086,2,Communication,Tried calling the clinic multiple times to confirm appointment but no one picked up.,High
R0087,5,Positive,Best dentist I have consulted in Trichy. Honest and very skilled doctor.,Medium
R0088,3,Communication,Average communication. Room for significant improvement in follow up process.,Medium
R0089,2,Waiting Time,Had to wait 90 minutes for a scheduled appointment. No one gave any updates about the delay.,High
R0090,2,Staff,Front desk staff need training on how to communicate professionally with patients.,High
R0091,3,Neutral,Straightforward visit. Treatment was done as expected with no complaints.,Low
R0092,5,Positive,Treatment was good and cost effective.,Medium
R0093,1,Treatment,My filling fell off within 10 days. Had to visit another clinic to redo it. Very disappointed.,Critical
R0094,2,Staff,Staff at reception were too busy talking among themselves to attend to me properly.,High
R0095,2,Pricing,Would highly recommend the doctor but fees are a barrier for many patients.,High
R0096,2,Waiting Time,Doctor is good but waiting time is a consistent problem on every visit I have made.,High
R0097,2,Communication,Had trouble reaching the clinic by phone for three days after my procedure.,High
R0098,2,Waiting Time,Scheduled at 3pm but seen at 5pm. Two hours waiting with a painful tooth. Terrible.,High
R0099,3,Waiting Time,Good clinic but time management between patients needs serious improvement.,Medium
R0100,2,Waiting Time,Appointment system seems completely ignored. Patients seen in random order not by schedule.,High
R0101,2,Staff,Staff seemed disinterested and unhelpful during my visit. Poor customer service.,High
R0102,2,Treatment,Scaling was done too aggressively. Gums bled for several days after the procedure.,Critical
R0103,5,Positive,A place where you can rely on for all your dental problems.,Medium
R0104,2,Pricing,Final bill was almost double the initial estimate. Very poor pricing transparency.,High
R0105,2,Communication,No written care instructions given after extraction. Had to search online for guidance.,High
R0106,3,Neutral,Visited for a routine checkup. Everything was done as expected. Nothing exceptional to mention.,Low
R0107,2,Communication,Did not receive any reminder before my scheduled appointment. Missed it entirely.,High
R0108,2,Pricing,Same treatment costs nearly double here compared to another clinic I checked in Trichy.,High
R0109,4,Communication,Doctor communicated the treatment plan clearly and answered all my questions patiently.,Medium
R0110,2,Waiting Time,Waited almost two hours even after taking prior appointment. Very poor time management at this clinic.,High
R0111,4,Positive,Good experience overall. Doctor was thorough and staff were cooperative.,Medium
R0112,2,Waiting Time,Waited over one hour for a routine checkup. Clinic needs better appointment management.,High
R0113,3,Neutral,Came for a second opinion. Doctor was helpful and gave clear information.,Low
R0114,5,Positive,I did my root canal with Dr. Geetha mam. She is very kind and soft handling person. Very economy charges also. If you ask any doubt about tooth she explains very well. Highly recommend.,Medium
R0115,2,Staff,Staff were having personal conversations loudly while patients were waiting to be seen.,High
R0116,2,Communication,Could not reach anyone at the clinic for two days after my procedure for follow up.,High
R0117,2,Communication,Post care instructions given verbally only. Hard to remember everything after procedure.,High
R0118,2,Staff,Staff were unhelpful when I had questions about my treatment plan. Poor experience.,High
R0119,2,Treatment,Post treatment sensitivity lasted two months. Doctor said it would resolve in two weeks.,Critical
R0120,5,Positive,Very kind approach. Cheap and best. Value for money given. Thank you.,Medium
R0121,1,Treatment,Tooth condition worsened after treatment. Had to seek urgent care elsewhere.,Critical
R0122,1,Treatment,Tooth extracted without exploring all alternatives. Felt the decision was rushed.,Critical
R0123,2,Waiting Time,Waited two hours for a scheduled appointment. This happens every single time I visit.,High
R0124,1,Treatment,Filling fell out after one week. Had to spend money at another clinic to fix it.,Critical
R0125,2,Pricing,Charged for X-ray I was not told about beforehand. Should disclose all charges upfront.,High
R0126,2,Pricing,Charged more than other clinics for the same procedure. No justification given for the higher price.,High
R0127,2,Pricing,Pricing is not transparent. Additional charges added at billing without prior notice.,High
R0128,5,Positive,I went to this clinic for teeth cleaning. Dr. Geetha made me comfortable and provided amazing service. Thank you.,Medium
R0129,3,Pricing,Fees are acceptable but a printed price list at reception would help patients.,Medium
R0130,2,Staff,Staff were talking among themselves and not attending to waiting patients. Poor attitude.,High
R0131,4,Positive,Professional and caring approach. Made me feel comfortable throughout.,Medium
R0132,2,Waiting Time,Even for a simple checkup the wait was 60 minutes. Please fix appointment management.,High
R0133,2,Staff,Staff interrupted consultation to ask doctor about another patient. Very unprofessional.,High
R0134,1,Treatment,Procedure was rushed. Doctor spent very little time and treatment outcome was poor.,Critical
R0135,2,Pricing,Treatment was okay but the billing had extra charges that were never mentioned upfront.,High
R0136,3,Neutral,Average clinic with decent facilities for routine dental work.,Low
R0137,2,Waiting Time,Waiting area has only a few seats and patients were standing for long periods.,High
R0138,3,Communication,Doctor explains well during visit but post treatment follow up is completely lacking.,Medium
R0139,5,Positive,"Excellent treatment and warm hospitality, felt really cared. I cleaned my teeth. She is really kind.",Medium
R0140,2,Waiting Time,Doctor is excellent but please address the long waiting time immediately.,High
R0141,2,Pricing,Charges were not transparent. Asked for a receipt and was given a handwritten note only.,High
R0142,1,Treatment,Denture was poorly fitted and caused sores. Had to get it redone at another clinic.,Critical
R0143,1,Treatment,Scaling caused nerve sensitivity that lasted over a month. Should have warned me.,Critical
R0144,5,Positive,"I got my wisdom tooth surgically extracted here, had a neat experience! Very genuine and hard to find such a clinic where money is not given importance. Would definitely recommend the clinic for dental issues!",Medium
R0145,4,Staff,Very supportive staff. Made my anxious child feel at ease before treatment.,Medium
R0146,2,Staff,Staff at the reception were very rude when I called to reschedule. Not acceptable behavior.,High
R0147,2,Pricing,Fees for a simple filling here is higher than what three other clinics charge nearby.,High
R0148,4,Communication,Liked that doctor discussed all alternatives and explained costs before recommending treatment.,Medium
R0149,2,Waiting Time,Waited 80 minutes for a routine consultation. This is a recurring issue at this clinic.,High
R0150,2,Waiting Time,Long waiting time has been an issue across all four visits I have made to this clinic.,High
R0151,5,Positive,Very kind. Listening to the problem and treating accordingly.,Medium
R0152,2,Pricing,Cost of implant here is very high. No EMI or flexible payment option available.,High
R0153,2,Communication,Treatment started without the doctor explaining the full procedure beforehand.,High
R0154,5,Positive,Excellent dental care. Doctor is skilled and very gentle with patients.,Medium
R0155,2,Communication,Had to call three times for a simple query. Phone handling needs improvement.,High
R0156,2,Pricing,Clinic charges premium price but waiting room facilities are very basic.,High
R0157,2,Pricing,No EMI option available for costly treatments. Makes it inaccessible for many.,High
R0158,2,Pricing,Cost was significantly higher than what was initially quoted. Very misleading pricing.,High
R0159,2,Pricing,Charged for consultation even though I just came to collect my prescription. Unfair.,High
R0160,3,Neutral,Normal visit with no specific complaints. Standard dental clinic experience.,Low
R0161,2,Pricing,Price was not discussed beforehand. Felt like I was overcharged for a simple procedure.,High
R0162,4,Staff,Dental team is well coordinated and staff assist the doctor very efficiently.,Medium
R0163,2,Staff,Staff were not properly sanitising equipment between patients that I could observe.,High
R0164,3,Neutral,Nothing exceptional to report. Clinic is functional and treatment is adequate.,Low
R0165,2,Pricing,Doctor was friendly but clinic is too expensive compared to similar clinics nearby.,High
R0166,1,Treatment,Bridge work done here came loose within a month. Very poor dental craftsmanship.,Critical
R0167,1,Treatment,Implant site did not heal properly. Complications arose that required further treatment.,Critical
R0168,3,Waiting Time,Good treatment but clinic needs a token or queue management system urgently.,Medium
R0169,5,Positive,Outstanding treatment and caring atmosphere. Highly recommend to everyone.,Medium
R0170,2,Waiting Time,Had to wait almost two hours. Was not even offered a seat initially in the clinic.,High
R0171,2,Treatment,Filling was not done evenly. Had to go back for correction within a week.,Critical
R0172,2,Staff,Reception staff could not answer basic questions about treatment options. Needs training.,High
R0173,1,Treatment,Denture fitting was poor. Had to go elsewhere to get it properly adjusted.,Critical
R0174,3,Staff,Some staff members are friendly while others are quite indifferent. Inconsistent service.,Medium
R0175,3,Communication,Doctor explains well inside the room but between visit communication is almost nil.,Medium
R0176,2,Waiting Time,Appointment scheduled but doctor arrived 45 minutes late with no prior notification.,High
R0177,2,Communication,No call or message before my appointment. System needs to be more organised.,High
R0178,2,Staff,Staff member was rude when I asked for clarification on the treatment procedure.,High
R0179,2,Communication,Post extraction care instructions were not given clearly. Had swelling and had to call back for guidance.,High
R0180,2,Pricing,Charges were higher than what three nearby clinics quoted for the same treatment.,High
R0181,2,Communication,"No reminder call before appointment. When I arrived, was told doctor is not available. Wasted my time completely.",High
R0182,3,Neutral,Standard dental visit. Gets the necessary job done without any issues.,Low
R0183,1,Treatment,Aligner treatment showed no progress after three months. Switched to another clinic.,Critical
R0184,2,Pricing,Fees are on the higher side. Wish there were more affordable options for basic treatments.,High
R0185,2,Treatment,Procedure took much longer than estimated and outcome was only average quality.,Critical
R0186,1,Waiting Time,Waited nearly two hours in an uncomfortable waiting area. Totally unacceptable for a clinic with appointments.,High
R0187,2,Staff,Staff member gave me wrong information about appointment time which caused confusion.,High
R0188,5,Positive,Very satisfied with the results of my treatment. Will definitely return here.,Medium
R0189,4,Communication,Very responsive to messages and quick to clarify doubts I had after treatment.,Medium
R0190,2,Waiting Time,Waited for more than an hour without any update from the reception desk.,High
R0191,4,Communication,Clear and honest communication about cost before treatment. Appreciated the transparency.,Medium
R0192,2,Staff,Staff member interrupted consultation to attend to another patient. Very disrespectful.,High
R0193,2,Pricing,High fees with no EMI option. Difficult to afford major procedures at this clinic.,High
R0194,1,Waiting Time,Very long waiting time every single visit. Appointment system seems to be completely ignored here.,High
R0195,1,Treatment,Root canal was painful throughout. Doctor said it would be pain free but it was not.,Critical
R0196,2,Communication,Could not confirm appointment on the day. Phone went unanswered repeatedly.,High
R0197,2,Waiting Time,Waited too long again for a scheduled appointment. This is a recurring issue.,High
R0198,3,Neutral,Decent clinic. Treatment was satisfactory. Would return if needed.,Low
R0199,2,Waiting Time,Very long waiting time. Clinic is popular but has not expanded capacity to match demand.,High
R0200,2,Waiting Time,Waiting room was overcrowded with patients spilling outside. Capacity is insufficient.,High
R0201,1,Treatment,Post procedure pain was far more than expected and no proper guidance was given.,Critical
R0202,2,Staff,Was not offered basic information about wait time or queue position by any staff.,High
R0203,2,Treatment,Treatment outcome was below expectations. Had to seek a second opinion elsewhere.,Critical
R0204,2,Waiting Time,Long queue with no proper management. Appointment system needs complete overhaul.,High
R0205,2,Communication,No follow up call after my surgery. Had concerns and could not reach anyone.,High
R0206,2,Communication,Appointment confirmed but no one called when the doctor was not available that day.,High
R0207,2,Pricing,Total bill was higher than the verbal estimate given before treatment started.,High
R0208,4,Positive,Treatment was done well and the clinic is clean and hygienic throughout.,Medium
R0209,1,Treatment,Post extraction instructions were unclear and I developed dry socket complications.,Critical
R0210,2,Pricing,The fees were not communicated before starting treatment. Got a shock when the final bill came.,High
R0211,2,Staff,Staff member was dismissive when I asked about my treatment cost before starting.,High
R0212,2,Communication,No SMS or call reminder sent before my scheduled appointment time.,High
R0213,3,Neutral,Visited twice so far. Both times were uneventful and satisfactory.,Low
R0214,2,Pricing,Fees for teeth cleaning was higher than three other clinics I checked in Trichy.,High
R0215,4,Treatment,Root canal was completed successfully over two sittings with minimal discomfort.,Medium
R0216,4,Positive,Clean clinic and professional staff. Good overall dental care experience.,Medium
R0217,4,Staff,Staff were reassuring when I was nervous before my first dental procedure here.,Medium
R0218,2,Waiting Time,Very crowded waiting area. Patients standing outside. Needs better capacity management.,High
R0219,2,Waiting Time,Scheduled at 2pm but was seen only at 3:45pm. Two patients arrived after me were seen first.,High
R0220,2,Communication,No post treatment message or call to check on recovery. Very poor follow up culture.,High
R0221,1,Treatment,Crown came loose within three weeks. Very poor quality of work done here.,Critical
R0222,4,Communication,Doctor called to check on my recovery after surgery. Very thoughtful and professional.,Medium
R0223,1,Treatment,Scaling caused excessive gum bleeding that lasted for days. Not normal after care.,Critical
R0224,3,Neutral,Decent experience. Staff were neutral but treatment was completed well.,Low
R0225,2,Pricing,Expensive clinic for patients from lower income backgrounds. No discount offered.,High
R0226,2,Pricing,No price list displayed at reception. Patients have to ask which is uncomfortable.,High
R0227,1,Treatment,Filling done here cracked within a month. Poor quality materials used.,Critical
R0228,2,Waiting Time,Very long wait despite prior appointment. Three people who arrived after me were seen first.,High
R0229,3,Communication,Clinic should send WhatsApp reminders before appointments. Missed mine due to no reminder.,Medium
R0230,2,Waiting Time,Arrived on time but was made to wait without any explanation or update from staff.,High
R0231,2,Staff,Receptionist was on the phone when I arrived and did not acknowledge me for minutes.,High
R0232,2,Communication,No follow up communication after my implant surgery. Had concerns with no one to call.,High
R0233,2,Communication,No WhatsApp reminder sent for my appointment. Missed it due to lack of communication.,High
R0234,3,Neutral,Routine filling completed. No issues experienced. Would consider returning.,Low
R0235,2,Waiting Time,Was waiting for 80 minutes without any update. Very poor scheduling system.,High
R0236,1,Treatment,Root canal had to be redone at another clinic. Procedure here was incomplete.,Critical
R0237,2,Communication,No reminder call. No follow up. Clinic communication is almost non-existent.,High
R0238,4,Communication,Doctor sends reminders and follows up after major procedures. Excellent practice.,Medium
R0239,2,Communication,No answer when I called to ask about post treatment care. Very poor accessibility.,High
R0240,1,Treatment,Had to redo root canal at another clinic. The procedure done here was not completed properly.,Critical
R0241,1,Treatment,Sensitivity increased after filling procedure and has not resolved even after one month.,Critical
R0242,1,Treatment,Tooth extraction site got infected. Doctor did not give proper post care instructions.,Critical
R0243,5,Positive,Very professional and caring dentist. Highly recommended.,Medium
R0244,4,Positive,Good experience. Clean clinic and skilled doctor.,Medium
R0245,5,Positive,Very kind approach and quality treatment. Highly recommended.,Medium
R0246,4,Positive,Good dental care and friendly environment.,Medium
R0247,4,Positive,I visited Dr. Geetha for my dad's and wife's dental treatment. She listened to our concerns and examined the issues patiently. She suggested solutions along with their pros and cons. Very thorough and professional approach.,Medium
R0248,5,Positive,Had a good and nice experience.,Medium
R0249,5,Positive,Treating patients kindly and very good treatment.,Medium
R0250,5,Positive,Excellent dental treatment done very well. Highly satisfied.,Medium
R0251,5,Positive,I went to the hospital for treatment. It was a very good experience. One of the best dental hospitals and best doctor in Trichy.,Medium
R0252,5,Positive,"Geetha Dental Clinic is excellent! Dr. Geetha is very professional and caring. The clinic is clean, modern, and the staff is friendly. I felt comfortable throughout my treatment. Highly recommend for quality dental care!",Medium
R0253,5,Positive,Excellent hospitality and excellent treatment.,Medium
R0254,5,Positive,Had a very good experience. The staff are polite and the doctor clearly explained the procedure and was very professional. The clinic is very clean and hygienic.,Medium
R0255,5,Positive,Good service and comfortable. Friendly handling.,Medium
R0256,5,Positive,"Dr. Geetha mam is an excellent dentist. I had deep cavities, multiple fillings, and an implant done successfully. Now I can chew normally without pain. Very caring, professional, and the cost is also nominal. Highly recommend! Thanks mam.",Medium
R0257,5,Positive,"I had my braces treatment here for the past 1.5 years, and the results are truly amazing. Now I feel much more confident about my smile. Every time I smile, it gives me a positive feeling. The doctor was very supportive throughout the entire journey.",Medium
R0258,5,Positive,"I visited Dr. Geetha Dental Clinic for crown treatment. I received excellent care, and the procedure was completely painless.",Medium
R0259,5,Positive,Excellent treatment and caring approach from the doctor.,Medium
R0260,4,Positive,Good clinic with friendly staff.,Medium
R0261,3,Waiting Time,Satisfactory treatment. Could improve waiting time.,Medium
R0262,4,Positive,Good dental clinic. Professional service.,Medium
R0263,5,Positive,Highly recommend this clinic for dental care.,Medium
R0264,5,Positive,Excellent doctor and very affordable charges.,Medium
R0265,3,Waiting Time,Okay experience. Waiting time was a bit long.,Medium
R0266,5,Positive,"I can't recommend this clinic enough! From the moment you walk in, you're greeted with such a warm and welcoming atmosphere. The care and attention to detail are top-notch. It's clear that they truly value their patients' comfort and wellbeing.",Medium
R0267,4,Positive,Good treatment and professional doctor.,Medium
R0268,5,Positive,Very kind doctor. Great treatment experience.,Medium
R0269,4,Positive,Good experience overall. Will visit again.,Medium
R0270,5,Positive,Great experience. Doctor is very skilled.,Medium
R0271,5,Positive,Trichy's best dentist to consult with. Treats and takes care of your teeth with clear explanation and makes one feel safe and secure.,Medium
R0272,5,Positive,"I visited this clinic for a filling and some aesthetic correction for my canines, and I'm really happy with the result. The doctor was patient, explained everything properly, and made the whole process feel comfortable. The clinic was neat and clean. Overall, it was a very good experience.",Medium
R0273,5,Positive,Such great support from the doctor and staff. Thank you.,Medium
R0274,5,Positive,Quality treatment. Skilled doctor. Affordable cost.,Medium
R0275,5,Positive,Had a great experience at the clinic. The doctor is highly professional and staff were really helpful at the front.,Medium
R0276,5,Positive,"Trustworthy clinic providing good services and care to patients, highly recommended.",Medium
R0277,5,Positive,Good and friendly service.,Medium
R0278,5,Positive,Good professional treatment. Highly recommended.,Medium
R0279,5,Positive,Excellent dental care and friendly staff. The doctor explained the treatment clearly and made the whole experience comfortable. Clean clinic with good service. Highly satisfied.,Medium
R0280,5,Positive,I went to this hospital for removing my wisdom teeth. I really thank Dr. Geetha because of her excellent treatment and all special facilities are there for the comfort of the patient. Thank you.,Medium
R0281,3,Neutral,Average experience. Treatment was okay.,Low
R0282,5,Positive,Very satisfied with the dental treatment here.,Medium
R0283,5,Positive,Good and super treatment.,Medium
R0284,4,Positive,Good service overall. Would recommend.,Medium
R0285,4,Positive,Very good service.,Medium
R0286,5,Positive,Best service.,Medium
R0287,4,Positive,Good caring and best treatment provided.,Medium
R0288,5,Positive,"Best clinic ever, please visit guys.",Medium
R0289,5,Positive,Very good clinic. Best for Dental care.,Medium
R0290,3,Neutral,Decent experience overall. Treatment was done properly.,Low
R0291,5,Positive,Very good experience at this clinic.,Medium
R0292,3,Neutral,The treatment and service were satisfactory.,Low
R0293,4,Positive,Good treatment and clean clinic environment.,Medium
R0294,4,Positive,Good clinic with professional approach.,Medium
R0295,5,Positive,Best dental clinic. Highly satisfied with the treatment.,Medium
R0296,5,Positive,Warm gesture and proper treatment. Best recommendations by doctor for your tooth problems and works well too!,Medium
R0297,5,Positive,Probably one of the best doctors in Trichy. She was very polite and calm. It just showed how passionate she was. Thank you doctor.,Medium
R0298,5,Positive,Nice experience. Very professional.,Medium
R0299,5,Positive,I had a very good experience at the dental hospital. The doctor explained everything clearly and treated me very well with care and patience. I really appreciate the doctor's kindness and professionalism. Thank you so much for the excellent service.,Medium
R0300,5,Positive,Thanks doctor for detailed examination and explanation on my teeth and providing a valuable insight. Highly recommended.,Medium
